<?xml version="1.0" encoding="utf-8" standalone="yes"?>
<rss version="2.0" xmlns:atom="http://www.w3.org/2005/Atom">
  <channel>
    <title>Example on PlanetEasyPeasy</title>
    <link>/tags/example/</link>
    <description>Recent content in Example on PlanetEasyPeasy</description>
    <generator>Hugo</generator>
    <language>en</language>
    <managingEditor>youremail@domain.com (Some Person)</managingEditor>
    <webMaster>youremail@domain.com (Some Person)</webMaster>
    <lastBuildDate>Mon, 20 Mar 2017 00:00:00 +0000</lastBuildDate>
    <atom:link href="/tags/example/index.xml" rel="self" type="application/rss+xml" />
    <item>
      <title>Photoswipe Gallery Sample</title>
      <link>/post/2017-03-20-photoswipe-gallery-sample/</link>
      <pubDate>Mon, 20 Mar 2017 00:00:00 +0000</pubDate><author>youremail@domain.com (Some Person)</author>
      <guid>/post/2017-03-20-photoswipe-gallery-sample/</guid>
      <description>&lt;p&gt;Beautiful Hugo adds a few custom shortcodes created by &lt;a href=&#34;https://www.liwen.id.au/heg/&#34;&gt;Li-Wen Yip&lt;/a&gt; and &lt;a href=&#34;https://github.com/GjjvdBurg/HugoPhotoSwipe&#34;&gt;Gert-Jan van den Berg&lt;/a&gt; for making galleries with &lt;a href=&#34;https://photoswipe.com&#34;&gt;PhotoSwipe&lt;/a&gt; .&lt;/p&gt;&#xA;&#xA;&#xA;&#xA;&lt;div class=&#34;gallery caption-position-bottom caption-effect-fade hover-effect-zoom hover-transition&#34; itemscope itemtype=&#34;http://schema.org/ImageGallery&#34;&gt;&#xA;&#x9;  &#xA;&#xA;&lt;link rel=&#34;stylesheet&#34; href=&#34;/css/hugo-easy-gallery.css&#34; /&gt;&#xA;&lt;div class=&#34;box&#34; &gt;&#xA;  &lt;figure  itemprop=&#34;associatedMedia&#34; itemscope itemtype=&#34;http://schema.org/ImageObject&#34;&gt;&#xA;    &lt;div class=&#34;img&#34; style=&#34;background-image: url(&#39;/img/hexagon-thumb.jpg&#39;);&#34;&gt;&#xA;      &lt;img itemprop=&#34;thumbnail&#34; src=&#34;img/hexagon-thumb.jpg&#34; alt=&#34;Hexagon 1&#34;/&gt;&#xA;    &lt;/div&gt;&#xA;    &lt;a href=&#34;/img/hexagon.jpg&#34; itemprop=&#34;contentUrl&#34;&gt;&lt;/a&gt;&#xA;      &lt;figcaption&gt;&#xA;          &lt;p&gt;Hexagon 1&lt;/p&gt;&#xA;      &lt;/figcaption&gt;&#xA;  &lt;/figure&gt;&#xA;&lt;/div&gt;&#xA;&#xA;&#xA;&#xA;&lt;div class=&#34;box&#34; &gt;&#xA;  &lt;figure  itemprop=&#34;associatedMedia&#34; itemscope itemtype=&#34;http://schema.org/ImageObject&#34;&gt;&#xA;    &lt;div class=&#34;img&#34; style=&#34;background-image: url(&#39;/img/sphere-thumb.jpg&#39;);&#34;&gt;&#xA;      &lt;img itemprop=&#34;thumbnail&#34; src=&#34;img/sphere-thumb.jpg&#34; alt=&#34;Sphere&#34;/&gt;&#xA;    &lt;/div&gt;&#xA;    &lt;a href=&#34;/img/sphere.jpg&#34; itemprop=&#34;contentUrl&#34;&gt;&lt;/a&gt;&#xA;      &lt;figcaption&gt;&#xA;          &lt;p&gt;Sphere&lt;/p&gt;&#xA;      &lt;/figcaption&gt;&#xA;  &lt;/figure&gt;&#xA;&lt;/div&gt;&#xA;&#xA;&#xA;&#xA;&lt;div class=&#34;box&#34; &gt;&#xA;  &lt;figure  itemprop=&#34;associatedMedia&#34; itemscope itemtype=&#34;http://schema.org/ImageObject&#34;&gt;&#xA;    &lt;div class=&#34;img&#34; style=&#34;background-image: url(&#39;/img/triangle-thumb.jpg&#39;);&#34;&gt;&#xA;      &lt;img itemprop=&#34;thumbnail&#34; src=&#34;img/triangle-thumb.jpg&#34; alt=&#34;This is a long comment about a hexagon This is a long comment about a hexagon&#34;/&gt;&#xA;    &lt;/div&gt;&#xA;    &lt;a href=&#34;/img/triangle.jpg&#34; itemprop=&#34;contentUrl&#34;&gt;&lt;/a&gt;&#xA;      &lt;figcaption&gt;&#xA;          &lt;p&gt;Triangle&lt;/p&gt;&#xA;      &lt;/figcaption&gt;&#xA;  &lt;/figure&gt;&#xA;&lt;/div&gt;&#xA;&#xA;&#xA;&#xA;&lt;div class=&#34;box&#34; &gt;&#xA;  &lt;figure  itemprop=&#34;associatedMedia&#34; itemscope itemtype=&#34;http://schema.org/ImageObject&#34;&gt;&#xA;    &lt;div class=&#34;img&#34; style=&#34;background-image: url(&#39;/img/hexagon-thumb.jpg&#39;);&#34;&gt;&#xA;      &lt;img itemprop=&#34;thumbnail&#34; src=&#34;img/hexagon-thumb.jpg&#34; alt=&#34;This is a long comment about a hexagon&#34;/&gt;&#xA;    &lt;/div&gt;&#xA;    &lt;a href=&#34;/img/hexagon.jpg&#34; itemprop=&#34;contentUrl&#34;&gt;&lt;/a&gt;&#xA;      &lt;figcaption&gt;&#xA;          &lt;p&gt;Hexagon&lt;/p&gt;&#xA;      &lt;/figcaption&gt;&#xA;  &lt;/figure&gt;&#xA;&lt;/div&gt;&#xA;&#xA;&#xA;&#xA;&lt;/div&gt;</description>
    </item>
    <item>
      <title>Big Image Sample</title>
      <link>/post/2017-03-07-bigimg-sample/</link>
      <pubDate>Tue, 07 Mar 2017 00:00:00 +0000</pubDate><author>youremail@domain.com (Some Person)</author>
      <guid>/post/2017-03-07-bigimg-sample/</guid>
      <description>&lt;p&gt;The image banners at the top of the page are refered to as &amp;ldquo;bigimg&amp;rdquo; in this theme. They are optional, and one more more can be specified. If more than one is specified, the images rotate every 10 seconds. In the front matter, bigimgs are specified using an array of hashes.&lt;/p&gt;</description>
    </item>
    <item>
      <title>Math Sample</title>
      <link>/post/2017-03-05-math-sample/</link>
      <pubDate>Sun, 05 Mar 2017 00:00:00 +0000</pubDate><author>youremail@domain.com (Some Person)</author>
      <guid>/post/2017-03-05-math-sample/</guid>
      <description>&lt;p&gt;KaTeX can be used to generate complex math formulas server-side.&lt;/p&gt;&#xA;&lt;p&gt;$$&#xA;\phi = \frac{(1+\sqrt{5})}{2} = 1.6180339887\cdots&#xA;$$&lt;/p&gt;&#xA;&lt;p&gt;Additional details can be found on &lt;a href=&#34;https://github.com/KaTeX/KaTeX&#34;&gt;GitHub&lt;/a&gt; or on the &lt;a href=&#34;https://katex.org/&#34;&gt;project homepage&lt;/a&gt;.&lt;/p&gt;</description>
    </item>
    <item>
      <title>Code Sample</title>
      <link>/post/2016-03-08-code-sample/</link>
      <pubDate>Tue, 08 Mar 2016 00:00:00 +0000</pubDate><author>youremail@domain.com (Some Person)</author>
      <guid>/post/2016-03-08-code-sample/</guid>
      <description>&lt;p&gt;The following are two code samples using syntax highlighting.&lt;/p&gt;</description>
    </item>
    <item>
      <title>Test markdown</title>
      <link>/post/2015-02-20-test-markdown/</link>
      <pubDate>Fri, 20 Feb 2015 00:00:00 +0000</pubDate><author>youremail@domain.com (Some Person)</author>
      <guid>/post/2015-02-20-test-markdown/</guid>
      <description>&lt;p&gt;You can write regular &lt;a href=&#34;https://markdowntutorial.com/&#34;&gt;markdown&lt;/a&gt; here and &lt;a href=&#34;https://gohugo.io&#34;&gt;Hugo&lt;/a&gt; will automatically convert it to a nice webpage.  I strongly encourage you to &lt;a href=&#34;https://markdowntutorial.com/&#34;&gt;take 5 minutes to learn how to write in markdown&lt;/a&gt; - it&amp;rsquo;ll teach you how to transform regular text into bold/italics/headings/tables/etc.&lt;/p&gt;&#xA;&lt;p&gt;&lt;strong&gt;Here is some bold text&lt;/strong&gt;&lt;/p&gt;&#xA;&lt;h2 id=&#34;here-is-a-secondary-heading&#34;&gt;Here is a secondary heading&lt;/h2&gt;&#xA;&lt;p&gt;Here&amp;rsquo;s a useless table:&lt;/p&gt;&#xA;&lt;table&gt;&#xA;  &lt;thead&gt;&#xA;      &lt;tr&gt;&#xA;          &lt;th style=&#34;text-align: left&#34;&gt;Number&lt;/th&gt;&#xA;          &lt;th style=&#34;text-align: left&#34;&gt;Next number&lt;/th&gt;&#xA;          &lt;th style=&#34;text-align: left&#34;&gt;Previous number&lt;/th&gt;&#xA;      &lt;/tr&gt;&#xA;  &lt;/thead&gt;&#xA;  &lt;tbody&gt;&#xA;      &lt;tr&gt;&#xA;          &lt;td style=&#34;text-align: left&#34;&gt;Five&lt;/td&gt;&#xA;          &lt;td style=&#34;text-align: left&#34;&gt;Six&lt;/td&gt;&#xA;          &lt;td style=&#34;text-align: left&#34;&gt;Four&lt;/td&gt;&#xA;      &lt;/tr&gt;&#xA;      &lt;tr&gt;&#xA;          &lt;td style=&#34;text-align: left&#34;&gt;Ten&lt;/td&gt;&#xA;          &lt;td style=&#34;text-align: left&#34;&gt;Eleven&lt;/td&gt;&#xA;          &lt;td style=&#34;text-align: left&#34;&gt;Nine&lt;/td&gt;&#xA;      &lt;/tr&gt;&#xA;      &lt;tr&gt;&#xA;          &lt;td style=&#34;text-align: left&#34;&gt;Seven&lt;/td&gt;&#xA;          &lt;td style=&#34;text-align: left&#34;&gt;Eight&lt;/td&gt;&#xA;          &lt;td style=&#34;text-align: left&#34;&gt;Six&lt;/td&gt;&#xA;      &lt;/tr&gt;&#xA;      &lt;tr&gt;&#xA;          &lt;td style=&#34;text-align: left&#34;&gt;Two&lt;/td&gt;&#xA;          &lt;td style=&#34;text-align: left&#34;&gt;Three&lt;/td&gt;&#xA;          &lt;td style=&#34;text-align: left&#34;&gt;One&lt;/td&gt;&#xA;      &lt;/tr&gt;&#xA;  &lt;/tbody&gt;&#xA;&lt;/table&gt;&#xA;&lt;p&gt;How about a yummy crepe?&lt;/p&gt;</description>
    </item>
  </channel>
</rss>
