<?xml version="1.0" encoding="utf-8" standalone="yes"?>
<rss version="2.0" xmlns:atom="http://www.w3.org/2005/Atom">
  <channel>
    <title>Categories on PlanetEasyPeasy</title>
    <link>https://staging.d33n7dxueyy090.amplifyapp.com/categories/</link>
    <description>Recent content in Categories on PlanetEasyPeasy</description>
    <generator>Hugo</generator>
    <language>en</language>
    <managingEditor>youremail@domain.com (Some Person)</managingEditor>
    <webMaster>youremail@domain.com (Some Person)</webMaster>
    <atom:link href="https://staging.d33n7dxueyy090.amplifyapp.com/categories/index.xml" rel="self" type="application/rss+xml" />
  </channel>
</rss>
