<?xml version="1.0" encoding="utf-8" standalone="yes"?>
<rss version="2.0" xmlns:atom="http://www.w3.org/2005/Atom">
  <channel>
    <title>Markdown on PlanetEasyPeasy</title>
    <link>https://staging.d3bv3xyrsys6if.amplifyapp.com/tags/markdown/</link>
    <description>Recent content in Markdown on PlanetEasyPeasy</description>
    <generator>Hugo</generator>
    <language>en</language>
    <managingEditor>youremail@domain.com (Some Person)</managingEditor>
    <webMaster>youremail@domain.com (Some Person)</webMaster>
    <lastBuildDate>Fri, 20 Feb 2015 00:00:00 +0000</lastBuildDate>
    <atom:link href="https://staging.d3bv3xyrsys6if.amplifyapp.com/tags/markdown/index.xml" rel="self" type="application/rss+xml" />
    <item>
      <title>Test markdown</title>
      <link>https://staging.d3bv3xyrsys6if.amplifyapp.com/post/2015-02-20-test-markdown/</link>
      <pubDate>Fri, 20 Feb 2015 00:00:00 +0000</pubDate><author>youremail@domain.com (Some Person)</author>
      <guid>https://staging.d3bv3xyrsys6if.amplifyapp.com/post/2015-02-20-test-markdown/</guid>
      <description>&lt;p&gt;You can write regular &lt;a href=&#34;https://markdowntutorial.com/&#34;&gt;markdown&lt;/a&gt; here and &lt;a href=&#34;https://gohugo.io&#34;&gt;Hugo&lt;/a&gt; will automatically convert it to a nice webpage.  I strongly encourage you to &lt;a href=&#34;https://markdowntutorial.com/&#34;&gt;take 5 minutes to learn how to write in markdown&lt;/a&gt; - it&amp;rsquo;ll teach you how to transform regular text into bold/italics/headings/tables/etc.&lt;/p&gt;&#xA;&lt;p&gt;&lt;strong&gt;Here is some bold text&lt;/strong&gt;&lt;/p&gt;&#xA;&lt;h2 id=&#34;here-is-a-secondary-heading&#34;&gt;Here is a secondary heading&lt;/h2&gt;&#xA;&lt;p&gt;Here&amp;rsquo;s a useless table:&lt;/p&gt;&#xA;&lt;table&gt;&#xA;  &lt;thead&gt;&#xA;      &lt;tr&gt;&#xA;          &lt;th style=&#34;text-align: left&#34;&gt;Number&lt;/th&gt;&#xA;          &lt;th style=&#34;text-align: left&#34;&gt;Next number&lt;/th&gt;&#xA;          &lt;th style=&#34;text-align: left&#34;&gt;Previous number&lt;/th&gt;&#xA;      &lt;/tr&gt;&#xA;  &lt;/thead&gt;&#xA;  &lt;tbody&gt;&#xA;      &lt;tr&gt;&#xA;          &lt;td style=&#34;text-align: left&#34;&gt;Five&lt;/td&gt;&#xA;          &lt;td style=&#34;text-align: left&#34;&gt;Six&lt;/td&gt;&#xA;          &lt;td style=&#34;text-align: left&#34;&gt;Four&lt;/td&gt;&#xA;      &lt;/tr&gt;&#xA;      &lt;tr&gt;&#xA;          &lt;td style=&#34;text-align: left&#34;&gt;Ten&lt;/td&gt;&#xA;          &lt;td style=&#34;text-align: left&#34;&gt;Eleven&lt;/td&gt;&#xA;          &lt;td style=&#34;text-align: left&#34;&gt;Nine&lt;/td&gt;&#xA;      &lt;/tr&gt;&#xA;      &lt;tr&gt;&#xA;          &lt;td style=&#34;text-align: left&#34;&gt;Seven&lt;/td&gt;&#xA;          &lt;td style=&#34;text-align: left&#34;&gt;Eight&lt;/td&gt;&#xA;          &lt;td style=&#34;text-align: left&#34;&gt;Six&lt;/td&gt;&#xA;      &lt;/tr&gt;&#xA;      &lt;tr&gt;&#xA;          &lt;td style=&#34;text-align: left&#34;&gt;Two&lt;/td&gt;&#xA;          &lt;td style=&#34;text-align: left&#34;&gt;Three&lt;/td&gt;&#xA;          &lt;td style=&#34;text-align: left&#34;&gt;One&lt;/td&gt;&#xA;      &lt;/tr&gt;&#xA;  &lt;/tbody&gt;&#xA;&lt;/table&gt;&#xA;&lt;p&gt;How about a yummy crepe?&lt;/p&gt;</description>
    </item>
  </channel>
</rss>
