<?xml version="1.0" encoding="utf-8" standalone="yes"?>
<rss version="2.0" xmlns:atom="http://www.w3.org/2005/Atom">
  <channel>
    <title>Math on PlanetEasyPeasy</title>
    <link>/tags/math/</link>
    <description>Recent content in Math on PlanetEasyPeasy</description>
    <generator>Hugo</generator>
    <language>en</language>
    <managingEditor>youremail@domain.com (Some Person)</managingEditor>
    <webMaster>youremail@domain.com (Some Person)</webMaster>
    <lastBuildDate>Sun, 05 Mar 2017 00:00:00 +0000</lastBuildDate>
    <atom:link href="/tags/math/index.xml" rel="self" type="application/rss+xml" />
    <item>
      <title>Math Sample</title>
      <link>/post/2017-03-05-math-sample/</link>
      <pubDate>Sun, 05 Mar 2017 00:00:00 +0000</pubDate><author>youremail@domain.com (Some Person)</author>
      <guid>/post/2017-03-05-math-sample/</guid>
      <description>&lt;p&gt;KaTeX can be used to generate complex math formulas server-side.&lt;/p&gt;&#xA;&lt;p&gt;$$&#xA;\phi = \frac{(1+\sqrt{5})}{2} = 1.6180339887\cdots&#xA;$$&lt;/p&gt;&#xA;&lt;p&gt;Additional details can be found on &lt;a href=&#34;https://github.com/KaTeX/KaTeX&#34;&gt;GitHub&lt;/a&gt; or on the &lt;a href=&#34;https://katex.org/&#34;&gt;project homepage&lt;/a&gt;.&lt;/p&gt;</description>
    </item>
  </channel>
</rss>
