<?xml version="1.0" encoding="utf-8" standalone="yes"?>
<rss version="2.0" xmlns:atom="http://www.w3.org/2005/Atom">
  <channel>
    <title>Tags on PlanetEasyPeasy</title>
    <link>https://staging.d33n7dxueyy090.amplifyapp.com/tags/</link>
    <description>Recent content in Tags on PlanetEasyPeasy</description>
    <generator>Hugo</generator>
    <language>en</language>
    <managingEditor>youremail@domain.com (Some Person)</managingEditor>
    <webMaster>youremail@domain.com (Some Person)</webMaster>
    <lastBuildDate>Mon, 02 Dec 2024 11:03:47 -0500</lastBuildDate>
    <atom:link href="https://staging.d33n7dxueyy090.amplifyapp.com/tags/index.xml" rel="self" type="application/rss+xml" />
    <item>
      <title>Image</title>
      <link>https://staging.d33n7dxueyy090.amplifyapp.com/tags/image/</link>
      <pubDate>Mon, 02 Dec 2024 11:03:47 -0500</pubDate><author>youremail@domain.com (Some Person)</author>
      <guid>https://staging.d33n7dxueyy090.amplifyapp.com/tags/image/</guid>
      <description></description>
    </item>
    <item>
      <title>Test</title>
      <link>https://staging.d33n7dxueyy090.amplifyapp.com/tags/test/</link>
      <pubDate>Mon, 02 Dec 2024 11:03:47 -0500</pubDate><author>youremail@domain.com (Some Person)</author>
      <guid>https://staging.d33n7dxueyy090.amplifyapp.com/tags/test/</guid>
      <description></description>
    </item>
    <item>
      <title>Example</title>
      <link>https://staging.d33n7dxueyy090.amplifyapp.com/tags/example/</link>
      <pubDate>Mon, 20 Mar 2017 00:00:00 +0000</pubDate><author>youremail@domain.com (Some Person)</author>
      <guid>https://staging.d33n7dxueyy090.amplifyapp.com/tags/example/</guid>
      <description></description>
    </item>
    <item>
      <title>Photoswipe</title>
      <link>https://staging.d33n7dxueyy090.amplifyapp.com/tags/photoswipe/</link>
      <pubDate>Mon, 20 Mar 2017 00:00:00 +0000</pubDate><author>youremail@domain.com (Some Person)</author>
      <guid>https://staging.d33n7dxueyy090.amplifyapp.com/tags/photoswipe/</guid>
      <description></description>
    </item>
    <item>
      <title>Bigimg</title>
      <link>https://staging.d33n7dxueyy090.amplifyapp.com/tags/bigimg/</link>
      <pubDate>Tue, 07 Mar 2017 00:00:00 +0000</pubDate><author>youremail@domain.com (Some Person)</author>
      <guid>https://staging.d33n7dxueyy090.amplifyapp.com/tags/bigimg/</guid>
      <description></description>
    </item>
    <item>
      <title>Math</title>
      <link>https://staging.d33n7dxueyy090.amplifyapp.com/tags/math/</link>
      <pubDate>Sun, 05 Mar 2017 00:00:00 +0000</pubDate><author>youremail@domain.com (Some Person)</author>
      <guid>https://staging.d33n7dxueyy090.amplifyapp.com/tags/math/</guid>
      <description></description>
    </item>
    <item>
      <title>Code</title>
      <link>https://staging.d33n7dxueyy090.amplifyapp.com/tags/code/</link>
      <pubDate>Tue, 08 Mar 2016 00:00:00 +0000</pubDate><author>youremail@domain.com (Some Person)</author>
      <guid>https://staging.d33n7dxueyy090.amplifyapp.com/tags/code/</guid>
      <description></description>
    </item>
    <item>
      <title>Markdown</title>
      <link>https://staging.d33n7dxueyy090.amplifyapp.com/tags/markdown/</link>
      <pubDate>Fri, 20 Feb 2015 00:00:00 +0000</pubDate><author>youremail@domain.com (Some Person)</author>
      <guid>https://staging.d33n7dxueyy090.amplifyapp.com/tags/markdown/</guid>
      <description></description>
    </item>
  </channel>
</rss>
