<?xml version="1.0" encoding="utf-8" standalone="yes"?>
<rss version="2.0" xmlns:atom="http://www.w3.org/2005/Atom">
  <channel>
    <title>Photoswipe on PlanetEasyPeasy</title>
    <link>/tags/photoswipe/</link>
    <description>Recent content in Photoswipe on PlanetEasyPeasy</description>
    <generator>Hugo</generator>
    <language>en</language>
    <managingEditor>youremail@domain.com (Some Person)</managingEditor>
    <webMaster>youremail@domain.com (Some Person)</webMaster>
    <lastBuildDate>Mon, 20 Mar 2017 00:00:00 +0000</lastBuildDate>
    <atom:link href="/tags/photoswipe/index.xml" rel="self" type="application/rss+xml" />
    <item>
      <title>Photoswipe Gallery Sample</title>
      <link>/post/2017-03-20-photoswipe-gallery-sample/</link>
      <pubDate>Mon, 20 Mar 2017 00:00:00 +0000</pubDate><author>youremail@domain.com (Some Person)</author>
      <guid>/post/2017-03-20-photoswipe-gallery-sample/</guid>
      <description>&lt;p&gt;Beautiful Hugo adds a few custom shortcodes created by &lt;a href=&#34;https://www.liwen.id.au/heg/&#34;&gt;Li-Wen Yip&lt;/a&gt; and &lt;a href=&#34;https://github.com/GjjvdBurg/HugoPhotoSwipe&#34;&gt;Gert-Jan van den Berg&lt;/a&gt; for making galleries with &lt;a href=&#34;https://photoswipe.com&#34;&gt;PhotoSwipe&lt;/a&gt; .&lt;/p&gt;&#xA;&#xA;&#xA;&#xA;&lt;div class=&#34;gallery caption-position-bottom caption-effect-fade hover-effect-zoom hover-transition&#34; itemscope itemtype=&#34;http://schema.org/ImageGallery&#34;&gt;&#xA;&#x9;  &#xA;&#xA;&lt;link rel=&#34;stylesheet&#34; href=&#34;/css/hugo-easy-gallery.css&#34; /&gt;&#xA;&lt;div class=&#34;box&#34; &gt;&#xA;  &lt;figure  itemprop=&#34;associatedMedia&#34; itemscope itemtype=&#34;http://schema.org/ImageObject&#34;&gt;&#xA;    &lt;div class=&#34;img&#34; style=&#34;background-image: url(&#39;/img/hexagon-thumb.jpg&#39;);&#34;&gt;&#xA;      &lt;img itemprop=&#34;thumbnail&#34; src=&#34;img/hexagon-thumb.jpg&#34; alt=&#34;Hexagon 1&#34;/&gt;&#xA;    &lt;/div&gt;&#xA;    &lt;a href=&#34;/img/hexagon.jpg&#34; itemprop=&#34;contentUrl&#34;&gt;&lt;/a&gt;&#xA;      &lt;figcaption&gt;&#xA;          &lt;p&gt;Hexagon 1&lt;/p&gt;&#xA;      &lt;/figcaption&gt;&#xA;  &lt;/figure&gt;&#xA;&lt;/div&gt;&#xA;&#xA;&#xA;&#xA;&lt;div class=&#34;box&#34; &gt;&#xA;  &lt;figure  itemprop=&#34;associatedMedia&#34; itemscope itemtype=&#34;http://schema.org/ImageObject&#34;&gt;&#xA;    &lt;div class=&#34;img&#34; style=&#34;background-image: url(&#39;/img/sphere-thumb.jpg&#39;);&#34;&gt;&#xA;      &lt;img itemprop=&#34;thumbnail&#34; src=&#34;img/sphere-thumb.jpg&#34; alt=&#34;Sphere&#34;/&gt;&#xA;    &lt;/div&gt;&#xA;    &lt;a href=&#34;/img/sphere.jpg&#34; itemprop=&#34;contentUrl&#34;&gt;&lt;/a&gt;&#xA;      &lt;figcaption&gt;&#xA;          &lt;p&gt;Sphere&lt;/p&gt;&#xA;      &lt;/figcaption&gt;&#xA;  &lt;/figure&gt;&#xA;&lt;/div&gt;&#xA;&#xA;&#xA;&#xA;&lt;div class=&#34;box&#34; &gt;&#xA;  &lt;figure  itemprop=&#34;associatedMedia&#34; itemscope itemtype=&#34;http://schema.org/ImageObject&#34;&gt;&#xA;    &lt;div class=&#34;img&#34; style=&#34;background-image: url(&#39;/img/triangle-thumb.jpg&#39;);&#34;&gt;&#xA;      &lt;img itemprop=&#34;thumbnail&#34; src=&#34;img/triangle-thumb.jpg&#34; alt=&#34;This is a long comment about a hexagon This is a long comment about a hexagon&#34;/&gt;&#xA;    &lt;/div&gt;&#xA;    &lt;a href=&#34;/img/triangle.jpg&#34; itemprop=&#34;contentUrl&#34;&gt;&lt;/a&gt;&#xA;      &lt;figcaption&gt;&#xA;          &lt;p&gt;Triangle&lt;/p&gt;&#xA;      &lt;/figcaption&gt;&#xA;  &lt;/figure&gt;&#xA;&lt;/div&gt;&#xA;&#xA;&#xA;&#xA;&lt;div class=&#34;box&#34; &gt;&#xA;  &lt;figure  itemprop=&#34;associatedMedia&#34; itemscope itemtype=&#34;http://schema.org/ImageObject&#34;&gt;&#xA;    &lt;div class=&#34;img&#34; style=&#34;background-image: url(&#39;/img/hexagon-thumb.jpg&#39;);&#34;&gt;&#xA;      &lt;img itemprop=&#34;thumbnail&#34; src=&#34;img/hexagon-thumb.jpg&#34; alt=&#34;This is a long comment about a hexagon&#34;/&gt;&#xA;    &lt;/div&gt;&#xA;    &lt;a href=&#34;/img/hexagon.jpg&#34; itemprop=&#34;contentUrl&#34;&gt;&lt;/a&gt;&#xA;      &lt;figcaption&gt;&#xA;          &lt;p&gt;Hexagon&lt;/p&gt;&#xA;      &lt;/figcaption&gt;&#xA;  &lt;/figure&gt;&#xA;&lt;/div&gt;&#xA;&#xA;&#xA;&#xA;&lt;/div&gt;</description>
    </item>
  </channel>
</rss>
