<?xml version="1.0" encoding="utf-8" standalone="yes"?>
<rss version="2.0" xmlns:atom="http://www.w3.org/2005/Atom">
  <channel>
    <title>Image on PlanetEasyPeasy</title>
    <link>https://staging.d33n7dxueyy090.amplifyapp.com/tags/image/</link>
    <description>Recent content in Image on PlanetEasyPeasy</description>
    <generator>Hugo</generator>
    <language>en</language>
    <managingEditor>youremail@domain.com (Some Person)</managingEditor>
    <webMaster>youremail@domain.com (Some Person)</webMaster>
    <lastBuildDate>Mon, 02 Dec 2024 11:03:47 -0500</lastBuildDate>
    <atom:link href="https://staging.d33n7dxueyy090.amplifyapp.com/tags/image/index.xml" rel="self" type="application/rss+xml" />
    <item>
      <title>BaseurlTest</title>
      <link>https://staging.d33n7dxueyy090.amplifyapp.com/post/baseurltest/</link>
      <pubDate>Mon, 02 Dec 2024 11:03:47 -0500</pubDate><author>youremail@domain.com (Some Person)</author>
      <guid>https://staging.d33n7dxueyy090.amplifyapp.com/post/baseurltest/</guid>
      <description></description>
    </item>
    <item>
      <title>December</title>
      <link>https://staging.d33n7dxueyy090.amplifyapp.com/post/december/</link>
      <pubDate>Sun, 01 Dec 2024 15:18:29 -0500</pubDate><author>youremail@domain.com (Some Person)</author>
      <guid>https://staging.d33n7dxueyy090.amplifyapp.com/post/december/</guid>
      <description></description>
    </item>
  </channel>
</rss>
