<?xml version="1.0" encoding="utf-8" standalone="yes"?>
<rss version="2.0" xmlns:atom="http://www.w3.org/2005/Atom">
  <channel>
    <title>Code on PlanetEasyPeasy</title>
    <link>https://staging.d33n7dxueyy090.amplifyapp.com/tags/code/</link>
    <description>Recent content in Code on PlanetEasyPeasy</description>
    <generator>Hugo</generator>
    <language>en</language>
    <managingEditor>youremail@domain.com (Some Person)</managingEditor>
    <webMaster>youremail@domain.com (Some Person)</webMaster>
    <lastBuildDate>Tue, 08 Mar 2016 00:00:00 +0000</lastBuildDate>
    <atom:link href="https://staging.d33n7dxueyy090.amplifyapp.com/tags/code/index.xml" rel="self" type="application/rss+xml" />
    <item>
      <title>Code Sample</title>
      <link>https://staging.d33n7dxueyy090.amplifyapp.com/post/2016-03-08-code-sample/</link>
      <pubDate>Tue, 08 Mar 2016 00:00:00 +0000</pubDate><author>youremail@domain.com (Some Person)</author>
      <guid>https://staging.d33n7dxueyy090.amplifyapp.com/post/2016-03-08-code-sample/</guid>
      <description>&lt;p&gt;The following are two code samples using syntax highlighting.&lt;/p&gt;</description>
    </item>
  </channel>
</rss>
