<?xml version="1.0" encoding="utf-8" standalone="yes"?>
<rss version="2.0" xmlns:atom="http://www.w3.org/2005/Atom">
  <channel>
    <title>Pages on PlanetEasyPeasy</title>
    <link>https://staging.d33n7dxueyy090.amplifyapp.com/page/</link>
    <description>Recent content in Pages on PlanetEasyPeasy</description>
    <generator>Hugo</generator>
    <language>en</language>
    <managingEditor>youremail@domain.com (Some Person)</managingEditor>
    <webMaster>youremail@domain.com (Some Person)</webMaster>
    <atom:link href="https://staging.d33n7dxueyy090.amplifyapp.com/page/index.xml" rel="self" type="application/rss+xml" />
    <item>
      <title>About me</title>
      <link>https://staging.d33n7dxueyy090.amplifyapp.com/page/about/</link>
      <pubDate>Mon, 01 Jan 0001 00:00:00 +0000</pubDate><author>youremail@domain.com (Some Person)</author>
      <guid>https://staging.d33n7dxueyy090.amplifyapp.com/page/about/</guid>
      <description>&lt;p&gt;My name is Inigo Montoya. I have the following qualities:&lt;/p&gt;&#xA;&lt;ul&gt;&#xA;&lt;li&gt;I rock a great mustache&lt;/li&gt;&#xA;&lt;li&gt;I&amp;rsquo;m extremely loyal to my family&lt;/li&gt;&#xA;&lt;/ul&gt;&#xA;&lt;p&gt;What else do you need?&lt;/p&gt;&#xA;&lt;h3 id=&#34;my-history&#34;&gt;my history&lt;/h3&gt;&#xA;&lt;p&gt;To be honest, I&amp;rsquo;m having some trouble remembering right now, so why don&amp;rsquo;t you just watch &lt;a href=&#34;https://en.wikipedia.org/wiki/The_Princess_Bride_%28film%29&#34;&gt;my movie&lt;/a&gt; and it will answer &lt;strong&gt;all&lt;/strong&gt; your questions.&lt;/p&gt;</description>
    </item>
  </channel>
</rss>
